"Filopodia Name","Filopodia ID",Bulbous,"Bulbous (%)","Start Time Step","End Time Step","Life Time [min]","Length (mean) [mum]","Length (std) [mum]","Final Length [mum]","Total Events","Total Speed (mean)[mum]","Total Speed (std)[mum]","Filter = 0.10","Filtered Total Events","Filtered Total Speed (mean)[mum]","Filtered Total Speed (std) [mum]","Filtered Extension Events","Filtered Extension Speed (mean) [mum]","Filtered Extension Speed (std) [mum]","Filtered Retraction Events","Filtered Retraction Speed (mean) [mum]","Filtered Retraction Speed (std)[mum]",Static,"Static (%)"
F_0000,4,0,0,0,0,1,0.93149936,0,0.93149936,1,0.93149936,0,"",1,0.93149936,0,0,nan,nan,1,0.93149936,nan,0,0
F_0001,5,0,0,0,0,1,0.98596382,0,0.98596382,1,0.98596382,0,"",1,0.98596382,0,0,nan,nan,1,0.98596382,nan,0,0
F_0002,6,0,0,0,3,4,0.92114443,0.31831861,0.57280451,4,0.33574608,0.26981235,"",2,0.60460937,0.03180483,0,nan,nan,2,0.60460937,nan,2,0.5
F_0003,7,0,0,2,3,2,1.0502262,0.10965905,1.1598853,3,0.77325684,0.401797,"",3,0.77325684,0.401797,2,0.57994264,0.36062455,1,1.1598853,0.57994264,0,0
F_0004,8,0,0,0,5,6,1.3095413,0.39903778,0.55651903,6,0.41710648,0.20444186,"",6,0.41710648,0.20444186,1,0.36814213,0,5,0.42689934,0.23028846,0,0
F_0005,9,0,0,0,2,3,1.8257872,0.21196109,1.6857741,3,0.7214579,0.70509213,"",2,1.0724268,0.61334729,0,nan,nan,2,1.0724268,nan,1,0.33333334
F_0006,10,0,0,1,5,5,1.1727644,0.20114382,1.0254509,6,0.52246529,0.40567887,"",5,0.62651408,0.36405152,2,0.78258729,0.27933955,3,0.52246529,0.45767552,1,0.16666667
F_0007,11,0,0,0,1,2,1.3801233,0.0080689192,1.3720543,2,0.69409609,0.67795825,"",1,1.3720543,0,0,nan,nan,1,1.3720543,nan,1,0.5
F_0008,12,0,0,0,3,4,1.6101754,0.46826166,1.1149194,4,0.76744854,0.35022077,"",4,0.76744854,0.35022077,1,0.71541762,0,3,0.78479218,0.40883869,0,0
F_0009,13,0,0,1,2,2,1.2728715,0.26029557,1.5331671,3,1.0221114,0.4134374,"",3,1.0221114,0.4134374,2,0.76658356,0.24599242,1,1.5331671,0.76658356,0,0
F_0010,14,0,0,1,1,1,0.59628242,0,0.59628242,2,0.59628242,0,"",2,0.59628242,0,1,0.59628242,0,1,0.59628242,0,0,0
F_0011,15,0,0,0,1,2,1.4919689,0.054700315,1.4372686,2,0.77333462,0.66393399,"",2,0.77333462,0.66393399,0,nan,nan,2,0.77333462,nan,0,0
F_0012,16,0,0,1,1,1,1.0364608,0,1.0364608,2,1.0364608,0,"",2,1.0364608,0,1,1.0364608,0,1,1.0364608,0,0,0
F_0013,17,0,0,3,4,2,0.77494836,0.012877911,0.7878263,3,0.52521753,0.35332927,"",2,0.77494836,0.012877911,1,0.76207048,0,1,0.7878263,0.025755823,1,0.33333334
F_0014,18,0,0,0,5,6,1.1485213,0.39503112,0.87369394,6,0.33473885,0.38011903,"",3,0.61575794,0.36060268,0,nan,nan,3,0.61575794,nan,3,0.5
F_0015,19,0,0,3,3,1,1.0181255,0,1.0181255,2,1.0181255,0,"",2,1.0181255,0,1,1.0181255,0,1,1.0181255,0,0,0
F_0016,20,0,0,3,3,1,0.71206474,0,0.71206474,2,0.71206474,0,"",2,0.71206474,0,1,0.71206474,0,1,0.71206474,0,0,0
F_0017,21,0,0,3,3,1,0.6599977,0,0.6599977,2,0.6599977,0,"",2,0.6599977,0,1,0.6599977,0,1,0.6599977,0,0,0
F_0018,22,0,0,0,11,12,1.6711215,0.40724927,1.148325,12,0.45642912,0.27222466,"",12,0.45642912,0.27222466,4,0.41596106,0.18139432,8,0.47666317,0.31171134,0,0
F_0019,23,0,0,0,14,15,1.3553907,0.24904855,1.4400892,15,0.43375015,0.33078256,"",13,0.49240765,0.31655595,5,0.52063465,0.12237693,8,0.47476578,0.39341089,2,0.13333334
F_0020,24,0,0,3,3,1,0.85249275,0,0.85249275,2,0.85249275,0,"",2,0.85249275,0,1,0.85249275,0,1,0.85249275,0,0,0
F_0021,25,0,0,3,4,2,2.2572007,0.11864412,2.3758447,3,1.5838965,0.95711082,"",3,1.5838965,0.95711082,2,1.1879224,0.95063412,1,2.3758447,1.1879224,0,0
F_0022,26,0,0,0,4,5,2.4002807,0.51198405,1.9664632,5,0.67627609,0.70416093,"",4,0.84133899,0.69539517,0,nan,nan,4,0.84133899,nan,1,0.2
F_0023,27,0,0,0,14,15,1.325492,0.57833564,1.0343204,15,0.37445363,0.32851005,"",9,0.59819281,0.23199025,3,0.46389797,0.056870069,6,0.66534013,0.3258293,6,0.40000001
F_0024,28,0,0,0,5,6,1.3554158,0.3057673,1.1384494,6,0.55095428,0.342244,"",5,0.64376634,0.29811513,1,0.80179918,0,4,0.60425818,0.3772383,1,0.16666667
F_0025,29,0,0,1,4,4,1.3947413,0.45877907,2.0679662,5,1.0965437,0.68488693,"",5,1.0965437,0.68488693,2,1.3706796,0.17892331,3,0.91378635,0.94111216,0,0
F_0026,30,0,0,4,5,2,1.0479524,0.024589002,1.0233634,3,0.71502757,0.47125462,"",2,1.0479524,0.024589002,1,1.0725414,0,1,1.0233634,0.049178004,1,0.33333334
F_0027,31,0,0,6,6,1,1.6022856,0,1.6022856,2,1.6022856,0,"",2,1.6022856,0,1,1.6022856,0,1,1.6022856,0,0,0
F_0028,32,0,0,6,8,3,1.8297749,0.53858232,1.2279472,4,1.2674947,0.77623028,"",4,1.2674947,0.77623028,1,2.5349894,0,3,0.84499645,1.7162269,0,0
F_0029,33,0,0,5,10,6,1.5090127,0.36316237,1.8250211,7,0.88641495,0.42954829,"",7,0.88641495,0.42954829,4,0.77561307,0.24413225,3,1.0341507,0.61620325,0,0
F_0030,34,0,0,6,6,1,0.81576544,0,0.81576544,2,0.81576544,0,"",2,0.81576544,0,1,0.81576544,0,1,0.81576544,0,0,0
F_0031,35,0,0,2,5,4,1.7886418,0.46682343,1.6913857,5,1.1523623,0.9062655,"",5,1.1523623,0.9062655,2,1.4404529,1.1343256,3,0.96030194,0.8058489,0,0
F_0032,36,0,0,0,6,7,1.3332995,0.44234484,0.81549704,7,0.62190777,0.35224137,"",6,0.72491366,0.26548332,1,1.2492652,0,5,0.62004346,0.64382529,1,0.14285715
F_0033,37,0,0,4,5,2,1.3735373,0.35507274,1.0184646,3,1.1524067,0.42643711,"",3,1.1524067,0.42643711,1,1.72861,0,2,0.86430502,0.87794548,0,0
F_0034,38,0,0,2,8,7,1.1050888,0.22684328,1.0620999,8,0.5163517,0.39521578,"",6,0.67217207,0.33330727,3,0.68846893,0.24272056,3,0.65587527,0.40472877,2,0.25
F_0035,39,0,0,5,6,2,1.0751516,0.076741219,0.99841034,3,0.76792854,0.43897396,"",3,0.76792854,0.43897396,1,1.1518928,0,2,0.57594639,0.71427584,0,0
F_0036,40,0,0,7,7,1,0.7139585,0,0.7139585,2,0.7139585,0,"",2,0.7139585,0,1,0.7139585,0,1,0.7139585,0,0,0
F_0037,41,0,0,8,11,4,1.8297466,0.30713505,2.1057963,5,1.1043637,0.86988068,"",4,1.3742726,0.7626344,2,1.3680906,0.79813862,2,1.3804545,0.72544712,1,0.2
F_0038,42,0,0,0,8,9,1.5055889,0.47723016,1.0004609,9,0.42989719,0.40858462,"",6,0.62333816,0.37096024,2,0.6467281,0.10680515,4,0.61164331,0.44892564,3,0.33333334
F_0039,43,0,0,7,8,2,1.4740498,0.58750987,2.0615597,3,1.3743731,0.49998274,"",3,1.3743731,0.49998274,2,1.0307798,0.14423987,1,2.0615597,1.0307798,0,0
F_0040,44,0,0,7,8,2,1.0438943,0.0096318126,1.053526,3,0.70235068,0.48307952,"",2,1.0438943,0.0096318126,1,1.0342624,0,1,1.053526,0.019263625,1,0.33333334
F_0041,45,0,0,7,8,2,1.2893333,0.28923768,1.0000956,3,1.0523807,0.4099578,"",3,1.0523807,0.4099578,1,1.578571,0,2,0.78928548,0.81695318,0,0
F_0042,46,0,0,7,7,1,0.99931234,0,0.99931234,2,0.99931234,0,"",2,0.99931234,0,1,0.99931234,0,1,0.99931234,0,0,0
F_0043,47,0,0,1,9,9,1.640417,0.73286456,1.0742061,10,0.6266228,0.4681311,"",7,0.87442219,0.32893971,4,0.75521219,0.3882294,3,1.0333689,0.29097441,3,0.30000001
F_0044,48,0,0,10,10,1,1.2514055,0,1.2514055,2,1.2514055,0,"",2,1.2514055,0,1,1.2514055,0,1,1.2514055,0,0,0
F_0045,49,0,0,9,13,5,2.2524316,0.17072354,2.1345644,6,0.94358557,0.93954587,"",5,1.117576,0.93683481,2,1.3785617,1.006458,3,0.94358557,0.94920146,1,0.16666667
F_0046,50,0,0,8,10,3,0.9505434,0.11847062,0.78670722,4,0.53140646,0.37864256,"",3,0.6883077,0.30444756,1,1.0021101,0,2,0.53140646,0.53548151,1,0.25
F_0047,51,0,0,8,9,2,1.168855,0.048037112,1.1208179,3,0.81126142,0.50723243,"",2,1.168855,0.048037112,1,1.2168921,0,1,1.1208179,0.096074224,1,0.33333334
F_0048,52,0,0,8,9,2,1.0497341,0.024826765,1.0745609,3,0.71637392,0.47187811,"",2,1.0497341,0.024826765,1,1.0249074,0,1,1.0745609,0.04965353,1,0.33333334
F_0049,53,0,0,7,9,3,1.2464674,0.12979664,1.4225638,4,0.75615156,0.56746674,"",3,0.97828895,0.48164082,2,0.75615156,0.44713724,1,1.4225638,0.66641223,1,0.25
F_0050,54,0,0,11,12,2,0.90085942,0.11058611,1.0114455,3,0.67429703,0.33288723,"",3,0.67429703,0.33288723,2,0.50572276,0.28455055,1,1.0114455,0.50572276,0,0
F_0051,55,0,0,10,13,4,1.8207428,0.26096547,1.6707187,5,0.90788013,0.63934523,"",4,1.1240141,0.52667183,2,1.1348501,0.49363983,2,1.1131783,0.55796146,1,0.2
F_0052,56,0,0,10,13,4,0.78991747,0.040542569,0.79364693,5,0.3305065,0.35103756,"",2,0.75821346,0.035433471,1,0.72277999,0,1,0.79364693,0.070866942,3,0.60000002
F_0053,57,0,0,10,10,1,0.7740171,0,0.7740171,2,0.7740171,0,"",2,0.7740171,0,1,0.7740171,0,1,0.7740171,0,0,0
F_0054,58,0,0,10,10,1,1.7371361,0,1.7371361,2,1.7371361,0,"",2,1.7371361,0,1,1.7371361,0,1,1.7371361,0,0,0
F_0055,59,0,0,0,13,14,2.1644795,0.46665901,1.5612869,14,0.5019213,0.40903148,"",12,0.57529479,0.39674601,4,0.51336145,0.26664504,8,0.60626143,0.45421901,2,0.14285715
F_0056,60,0,0,8,12,5,1.621385,0.74064803,1.0312586,6,0.92969304,0.52327663,"",5,1.1078832,0.37158009,2,1.3751684,0.35706222,3,0.92969304,0.51399708,1,0.16666667
F_0057,61,0,0,2,10,9,1.2439318,0.15762566,1.186777,10,0.40011746,0.39628765,"",8,0.4902699,0.39422375,5,0.39860564,0.352584,3,0.64304358,0.4792147,2,0.2
F_0058,62,0,0,12,13,2,2.0219374,0.060821474,2.0827589,3,1.3885059,0.89718282,"",3,1.3885059,0.89718282,2,1.0413795,0.9197365,1,2.0827589,1.0413795,0,0
F_0059,63,0,0,10,13,4,1.1538521,0.31803301,1.4067662,5,0.64962602,0.43763801,"",5,0.64962602,0.43763801,3,0.54135501,0.23259355,2,0.81203252,0.65343285,0,0
F_0060,64,0,0,12,22,11,1.1329695,0.41187146,0.90030777,12,0.55385703,0.4575091,"",10,0.6600551,0.42837983,5,0.65548182,0.43393657,5,0.66462839,0.42279953,2,0.16666667
F_0061,65,0,0,11,13,3,1.1858298,0.23936577,1.2443364,4,0.72266334,0.38289359,"",4,0.72266334,0.38289359,2,0.72266334,0.14516288,2,0.72266334,0.52167302,0,0
F_0062,66,0,0,12,13,2,1.0982974,0.22675186,1.3250493,3,0.88336617,0.35590515,"",3,0.88336617,0.35590515,2,0.66252464,0.20902091,1,1.3250493,0.66252464,0,0
F_0063,67,0,0,10,12,3,1.541711,0.43611607,1.27939,4,1.1231064,0.73887694,"",3,1.4674987,0.50348282,1,2.1562829,0,2,1.1231065,1.0449297,1,0.25
F_0064,68,0,0,15,19,5,1.4053028,0.53178084,0.7686981,6,0.70534199,0.35893616,"",6,0.70534199,0.35893616,2,1.058013,0.068949223,4,0.52900648,0.61436224,0,0
F_0065,69,0,0,13,19,7,1.5442065,0.35710958,1.1762158,8,0.78041726,0.36332843,"",8,0.78041726,0.36332843,4,0.78041726,0.44567493,4,0.78041726,0.25571269,0,0
F_0066,70,0,0,13,13,1,1.6942698,0,1.6942698,2,1.6942698,0,"",2,1.6942698,0,1,1.6942698,0,1,1.6942698,0,0,0
F_0067,71,0,0,13,17,5,1.338397,0.22735251,1.0393896,6,0.51062101,0.43083781,"",4,0.76089454,0.30084231,2,0.75585759,0.32585597,2,0.76593149,0.27364361,2,0.33333334
F_0068,72,0,0,14,16,3,1.8825964,0.25167862,2.0761487,4,1.2967561,0.76373309,"",4,1.2967561,0.76373309,2,1.2967561,0.74774563,2,1.2967561,0.7793926,0,0
F_0069,73,0,0,11,27,17,1.4143928,0.47522789,0.7245757,18,0.52211964,0.36017585,"",18,0.52211964,0.36017585,8,0.58738452,0.47752991,10,0.46990758,0.24237832,0,0
F_0070,74,0,0,14,22,9,1.9048078,0.65217519,1.3974997,10,0.63669622,0.44687817,"",9,0.70667523,0.41583455,5,0.63531917,0.37368232,4,0.7958703,0.47536778,1,0.1
F_0071,75,0,0,14,14,1,0.9616003,0,0.9616003,2,0.9616003,0,"",2,0.9616003,0,1,0.9616003,0,1,0.9616003,0,0,0
F_0072,76,0,0,11,21,11,1.2187241,0.35622755,1.6613379,12,0.49909946,0.46341756,"",10,0.59569108,0.44913858,6,0.4937191,0.32501256,4,0.74864912,0.6098029,2,0.16666667
F_0073,77,0,0,15,18,4,0.99468267,0.19198515,0.98616195,5,0.64904487,0.37588784,"",5,0.64904487,0.37588784,2,0.81130612,0.36261559,3,0.54087073,0.43784386,0,0
F_0074,78,0,0,16,16,1,1.4573332,0,1.4573332,2,1.4573332,0,"",2,1.4573332,0,1,1.4573332,0,1,1.4573332,0,0,0
F_0075,79,0,0,14,16,3,1.5183574,0.022665529,1.4872279,4,0.77027029,0.74391335,"",2,1.5138843,0.02665633,1,1.5405406,0,1,1.4872279,0.053312659,2,0.5
F_0076,80,0,0,16,16,1,0.71554369,0,0.71554369,2,0.71554369,0,"",2,0.71554369,0,1,0.71554369,0,1,0.71554369,0,0,0
F_0077,81,0,0,9,15,7,1.7892488,0.58415514,1.0640595,8,0.88639557,0.63441241,"",7,1.0122731,0.57724756,4,0.88639551,0.67638481,3,1.1801099,0.45219246,1,0.125
F_0078,82,0,0,13,16,4,1.1927673,0.19349259,1.0278715,5,0.62533748,0.40341899,"",4,0.77127659,0.31135589,2,0.78167188,0.34983587,2,0.76088136,0.26779839,1,0.2
F_0079,83,0,0,15,15,1,1.3302419,0,1.3302419,2,1.3302419,0,"",2,1.3302419,0,1,1.3302419,0,1,1.3302419,0,0,0
F_0080,84,0,0,15,17,3,1.3046223,0.21353041,1.0333432,4,0.77757347,0.42749664,"",4,0.77757347,0.42749664,2,0.77757347,0.5478034,2,0.77757347,0.25576973,0,0
F_0081,85,0,0,13,19,7,1.9072322,0.64661545,1.6135175,8,0.86245489,0.62196678,"",7,0.98444366,0.56838,3,1.1499399,0.52078015,4,0.86032152,0.64021045,1,0.125
F_0082,86,0,0,18,18,1,0.60979146,0,0.60979146,2,0.60979146,0,"",2,0.60979146,0,1,0.60979146,0,1,0.60979146,0,0,0
F_0083,87,0,0,18,19,2,1.836581,0.0074213147,1.8440022,3,1.2293348,0.85879707,"",2,1.836581,0.0074213147,1,1.8291596,0,1,1.8440022,0.014842629,1,0.33333334
F_0084,88,0,0,18,19,2,0.55393714,0.050727487,0.60466462,3,0.40310976,0.21728626,"",3,0.40310976,0.21728626,2,0.30233231,0.20087734,1,0.60466462,0.30233231,0,0
F_0085,89,0,0,17,18,2,0.87318707,0.093897671,0.96708471,3,0.64472312,0.33206829,"",3,0.64472312,0.33206829,2,0.48354235,0.29574701,1,0.96708471,0.48354235,0,0
F_0086,90,0,0,17,22,6,1.7704172,0.22140045,2.0677681,7,0.64692879,0.7530145,"",5,0.88305151,0.7737577,3,0.73687935,0.56834185,2,1.1023097,1.0323029,2,0.2857143
F_0087,91,0,0,17,17,1,1.4284327,0,1.4284327,2,1.4284327,0,"",2,1.4284327,0,1,1.4284327,0,1,1.4284327,0,0,0
F_0088,92,0,0,17,18,2,1.2892649,0.29598406,0.99328083,3,1.0568327,0.40798759,"",3,1.0568327,0.40798759,1,1.5852489,0,2,0.79262447,0.81762862,0,0
F_0089,93,0,0,17,17,1,1.0065825,0,1.0065825,2,1.0065825,0,"",2,1.0065825,0,1,1.0065825,0,1,1.0065825,0,0,0
F_0090,94,0,0,0,27,28,2.3891964,0.64156985,2.0434201,28,0.52821642,0.49816427,"",18,0.80065095,0.42152545,9,0.70298767,0.34186226,9,0.89831418,0.50751728,10,0.35714287
F_0091,95,0,0,20,21,2,0.73984182,0.075701326,0.81554317,3,0.54369545,0.28419584,"",3,0.54369545,0.28419584,2,0.40777159,0.25636894,1,0.81554317,0.40777159,0,0
F_0092,96,0,0,19,20,2,0.65769649,0.029706627,0.62798989,3,0.45826876,0.28307453,"",2,0.65769649,0.029706627,1,0.68740314,0,1,0.62798989,0.059413254,1,0.33333334
F_0093,97,0,0,20,20,1,1.0433747,0,1.0433747,2,1.0433747,0,"",2,1.0433747,0,1,1.0433747,0,1,1.0433747,0,0,0
F_0094,98,0,0,20,22,3,1.935887,0.27591509,2.3211043,4,1.2143989,0.88441139,"",4,1.2143989,0.88441139,2,1.2143989,0.5827263,2,1.2143989,1.1067054,0,0
F_0095,99,0,0,19,19,1,1.7954011,0,1.7954011,2,1.7954011,0,"",2,1.7954011,0,1,1.7954011,0,1,1.7954011,0,0,0
F_0096,100,0,0,19,19,1,2.0478694,0,2.0478694,2,2.0478694,0,"",2,2.0478694,0,1,2.0478694,0,1,2.0478694,0,0,0
F_0097,101,0,0,19,19,1,0.38379303,0,0.38379303,2,0.38379303,0,"",2,0.38379303,0,1,0.38379303,0,1,0.38379303,0,0,0
F_0098,102,0,0,19,19,1,1.9108404,0,1.9108404,2,1.9108404,0,"",2,1.9108404,0,1,1.9108404,0,1,1.9108404,0,0,0
F_0099,103,0,0,21,24,4,1.2621095,0.22475129,1.4778788,5,0.59115154,0.53518414,"",4,0.7317332,0.50912827,3,0.48301795,0.31333435,1,1.4778788,0.99486083,1,0.2
F_0100,104,0,0,1,21,21,1.6396866,0.52266604,1.005909,22,0.56338418,0.41342995,"",19,0.64389759,0.38753927,9,0.67179084,0.4535431,10,0.61879385,0.31890714,3,0.13636364
F_0101,105,0,0,20,21,2,1.5395379,0.16988981,1.7094277,3,1.1396185,0.58233392,"",3,1.1396185,0.58233392,2,0.85471386,0.51493424,1,1.7094277,0.85471386,0,0
F_0102,106,0,0,21,25,5,1.3345892,0.47216278,2.1394956,6,0.89370489,0.59602261,"",6,0.89370489,0.59602261,4,0.67027867,0.25289407,2,1.3405573,1.0428691,0,0
F_0103,107,0,0,22,22,1,1.5560447,0,1.5560447,2,1.5560447,0,"",2,1.5560447,0,1,1.5560447,0,1,1.5560447,0,0,0
F_0104,108,0,0,21,21,1,1.1828477,0,1.1828477,2,1.1828477,0,"",2,1.1828477,0,1,1.1828477,0,1,1.1828477,0,0,0
F_0105,109,0,0,24,24,1,0.79672682,0,0.79672682,2,0.79672682,0,"",2,0.79672682,0,1,0.79672682,0,1,0.79672682,0,0,0
F_0106,110,0,0,22,25,4,1.2609338,0.1892596,1.1320814,5,0.63470984,0.62420148,"",3,1.0399151,0.4885025,1,1.5867746,0,2,0.76648527,0.89807296,2,0.40000001
F_0107,111,0,0,20,23,4,1.6884202,0.42028001,0.99212027,5,0.91074467,0.66863465,"",5,0.91074467,0.66863465,2,1.1384308,0.95016575,3,0.75895387,0.47921336,0,0
F_0108,112,0,0,12,29,18,1.559917,0.29062757,1.3477879,19,0.47871706,0.3650893,"",18,0.50027823,0.36312872,10,0.44571957,0.37233651,8,0.56847656,0.36068669,1,0.052631579
F_0109,113,0,0,23,23,1,1.1040934,0,1.1040934,2,1.1040934,0,"",2,1.1040934,0,1,1.1040934,0,1,1.1040934,0,0,0
F_0110,114,0,0,22,23,2,0.79109496,0.066313028,0.72478193,3,0.57160532,0.31509206,"",3,0.57160532,0.31509206,1,0.85740799,0,2,0.42870399,0.52100796,0,0
F_0111,115,0,0,25,25,1,0.83404267,0,0.83404267,2,0.83404267,0,"",2,0.83404267,0,1,0.83404267,0,1,0.83404267,0,0,0
F_0112,116,0,0,25,25,1,1.0065143,0,1.0065143,2,1.0065143,0,"",2,1.0065143,0,1,1.0065143,0,1,1.0065143,0,0,0
F_0113,117,0,0,21,30,10,1.153879,0.22717625,1.1200076,11,0.3137337,0.41183135,"",5,0.67380917,0.36739489,3,0.55272096,0.37635836,2,0.85544139,0.40203848,6,0.54545456
F_0114,118,0,0,24,26,3,1.1905164,0.22063211,1.019804,4,0.75102997,0.28410766,"",4,0.75102997,0.28410766,2,0.75102997,0.29865503,2,0.75102997,0.26877403,0,0
F_0115,119,0,0,25,25,1,1.0293486,0,1.0293486,2,1.0293486,0,"",2,1.0293486,0,1,1.0293486,0,1,1.0293486,0,0,0
F_0116,120,0,0,26,27,2,1.8962398,0.21514612,1.6810936,3,1.4075905,0.71303195,"",3,1.4075905,0.71303195,1,2.1113858,0,2,1.0556929,1.2270344,0,0
F_0117,121,0,0,24,31,8,1.3227948,0.23977424,1.1500782,9,0.43427992,0.46249875,"",5,0.74747038,0.40459684,2,0.92818856,0.30082154,3,0.62699157,0.51665628,4,0.44444445
F_0118,122,0,0,26,26,1,0.54803461,0,0.54803461,2,0.54803461,0,"",2,0.54803461,0,1,0.54803461,0,1,0.54803461,0,0,0
F_0119,123,0,0,23,37,15,1.6286145,0.35210726,1.1931096,16,0.50835228,0.52351213,"",14,0.56936419,0.53238803,6,0.6778031,0.67478287,8,0.48803502,0.41844249,2,0.125
F_0120,124,0,0,23,34,12,1.8665557,0.67272097,2.0848155,13,0.52788883,0.57685202,"",9,0.74397439,0.57332695,5,0.67846066,0.3754831,4,0.82586658,0.75697172,4,0.30769232
F_0121,125,0,0,29,29,1,1.1198416,0,1.1198416,2,1.1198416,0,"",2,1.1198416,0,1,1.1198416,0,1,1.1198416,0,0,0
F_0122,126,0,0,29,29,1,0.54867524,0,0.54867524,2,0.54867524,0,"",2,0.54867524,0,1,0.54867524,0,1,0.54867524,0,0,0
F_0123,127,0,0,29,29,1,0.77322698,0,0.77322698,2,0.77322698,0,"",2,0.77322698,0,1,0.77322698,0,1,0.77322698,0,0,0
F_0124,128,0,0,28,39,12,1.6567434,0.42036209,1.8533952,13,0.68198645,0.64361352,"",11,0.79508644,0.63749051,5,0.88658237,0.74209285,6,0.71883982,0.54907715,2,0.15384616
F_0125,129,0,0,28,29,2,1.3935101,0.26205701,1.131453,3,1.1037114,0.4623301,"",3,1.1037114,0.4623301,1,1.655567,0,2,0.82778352,0.88172597,0,0
F_0126,130,0,0,28,31,4,1.7821138,0.26942196,1.5136361,5,0.83311641,0.82674605,"",3,1.3670334,0.65255076,1,2.0827911,0,2,1.0091543,1.1862535,2,0.40000001
F_0127,131,0,0,28,29,2,1.5328977,0.1303665,1.4025311,3,1.1088427,0.60907745,"",3,1.1088427,0.60907745,1,1.6632642,0,2,0.83163208,1.0087306,0,0
F_0128,132,0,0,29,34,6,0.89828628,0.25018567,0.74504918,7,0.42115098,0.3605769,"",6,0.49019989,0.3439633,3,0.48905692,0.43564165,3,0.49134281,0.21642657,1,0.14285715
F_0129,133,0,0,29,35,7,1.7749783,0.69468564,2.1926887,8,0.67291415,0.69859934,"",5,1.0729072,0.59515232,3,0.89459974,0.16297217,2,1.3403683,0.96185219,3,0.375
F_0130,134,0,0,30,33,4,1.8045568,0.43835717,1.1665211,5,0.96034878,0.79621047,"",5,0.96034878,0.79621047,1,2.400872,0,4,0.600218,1.8401964,0,0
F_0131,135,0,0,27,30,4,1.1576514,0.5367111,0.44240725,5,0.6838237,0.56330734,"",4,0.83764374,0.52758032,1,1.7095593,0,3,0.54700518,1.1767627,1,0.2
F_0132,136,0,0,29,29,1,1.9889525,0,1.9889525,2,1.9889525,0,"",2,1.9889525,0,1,1.9889525,0,1,1.9889525,0,0,0
F_0133,137,0,0,26,33,8,1.3642535,0.44834799,1.9050881,9,0.73227423,0.71834844,"",6,1.0536984,0.68123537,2,1.5619808,0.38724267,4,0.79955733,1.0043259,3,0.33333334
F_0134,138,0,0,26,33,8,1.4129647,0.35380742,0.6907444,9,0.56637013,0.52435702,"",7,0.7224732,0.4937394,3,0.84955519,0.56671476,4,0.6271618,0.4626019,2,0.22222222
F_0135,139,0,0,29,33,5,1.277989,0.41101003,1.2026603,6,0.74561548,0.4086841,"",6,0.74561548,0.4086841,2,1.1184232,0.088060439,4,0.55921161,0.67463708,0,0
F_0136,140,0,0,32,33,2,1.5305114,0.51070762,1.0198038,3,1.3608127,0.48112035,"",3,1.3608127,0.48112035,1,2.041219,0,2,1.0206095,1.0206099,0,0
F_0137,141,0,0,29,36,8,1.397701,0.44371203,1.6707706,9,0.79562396,0.52924669,"",8,0.88936794,0.48582232,3,1.1934358,0.14019968,5,0.70692718,0.71678126,1,0.11111111
F_0138,142,0,0,33,33,1,1.0551792,0,1.0551792,2,1.0551792,0,"",2,1.0551792,0,1,1.0551792,0,1,1.0551792,0,0,0
F_0139,143,0,0,33,33,1,0.6892305,0,0.6892305,2,0.6892305,0,"",2,0.6892305,0,1,0.6892305,0,1,0.6892305,0,0,0
F_0140,144,0,0,33,33,1,1.5180452,0,1.5180452,2,1.5180452,0,"",2,1.5180452,0,1,1.5180452,0,1,1.5180452,0,0,0
F_0141,145,0,0,33,34,2,1.3164485,0.25629395,1.5727425,3,1.0484949,0.43288481,"",3,1.0484949,0.43288481,2,0.78637123,0.27378333,1,1.5727425,0.78637123,0,0
F_0142,146,0,0,24,48,25,1.1055912,0.57678199,0.39011592,26,0.44206578,0.32674754,"",21,0.53082627,0.3017914,9,0.63438922,0.29635051,12,0.45315406,0.33509421,5,0.1923077
F_0143,147,0,0,30,43,14,1.4394779,0.70011497,0.8512041,15,0.72792321,0.57944387,"",12,0.89500159,0.5292204,5,1.0667799,0.44107506,7,0.77230263,0.6258992,3,0.2
F_0144,148,0,0,21,59,39,1.8037884,0.5726881,2.2117693,39,0.59892285,0.56088483,"",31,0.74483389,0.54023403,14,0.8949399,0.66399163,17,0.62121743,0.45848435,8,0.20512821
F_0145,149,0,0,35,35,1,1.0068209,0,1.0068209,2,1.0068209,0,"",2,1.0068209,0,1,1.0068209,0,1,1.0068209,0,0,0
F_0146,150,0,0,35,36,2,1.1340483,0.097931504,1.0361168,3,0.82131988,0.44943509,"",3,0.82131988,0.44943509,1,1.2319798,0,2,0.61598992,0.74562067,0,0
F_0147,151,0,0,36,37,2,0.82649237,0.28531939,1.1118118,3,0.74120784,0.2623325,"",3,0.74120784,0.2623325,2,0.55590588,0.014732897,1,1.1118118,0.55590588,0,0
F_0148,152,0,0,35,38,4,1.1369381,0.21190597,1.0101259,5,0.60196388,0.58304656,"",3,0.99765426,0.41846043,1,1.5038118,0,2,0.74457544,0.80433631,2,0.40000001
F_0149,153,0,0,34,34,1,0.6612103,0,0.6612103,2,0.6612103,0,"",2,0.6612103,0,1,0.6612103,0,1,0.6612103,0,0,0
F_0150,154,0,0,32,40,9,0.74938589,0.17741396,0.47014436,10,0.25502622,0.17964792,"",7,0.33496526,0.1573382,3,0.37519291,0.20568652,4,0.30479452,0.1200981,3,0.30000001
F_0151,155,0,0,36,37,2,0.82774723,0.39014673,1.217894,3,0.81192929,0.31933793,"",3,0.81192929,0.31933793,2,0.60894698,0.17134647,1,1.217894,0.60894698,0,0
F_0152,156,0,0,36,36,1,1.0899622,0,1.0899622,2,1.0899622,0,"",2,1.0899622,0,1,1.0899622,0,1,1.0899622,0,0,0
F_0153,157,0,0,35,37,3,1.327994,0.33285263,1.5794975,4,0.78974873,0.55036551,"",3,1.0421118,0.38616234,2,0.77341878,0.084228396,1,1.5794975,0.80607867,1,0.25
F_0154,158,0,0,37,38,2,1.3633244,0.049959481,1.3133649,3,0.94218922,0.59697032,"",2,1.3633244,0.049959481,1,1.4132838,0,1,1.3133649,0.099918962,1,0.33333334
F_0155,159,0,0,37,37,1,0.61137873,0,0.61137873,2,0.61137873,0,"",2,0.61137873,0,1,0.61137873,0,1,0.61137873,0,0,0
F_0156,160,0,0,36,38,3,1.3755046,0.23287666,1.0472331,4,0.7812838,0.57428461,"",3,1.0264269,0.44649354,1,1.5625676,0,2,0.75835663,0.85452032,1,0.25
F_0157,161,0,0,36,36,1,0.50245017,0,0.50245017,2,0.50245017,0,"",2,0.50245017,0,1,0.50245017,0,1,0.50245017,0,0,0
F_0158,162,0,0,35,37,3,1.5168818,0.0047746357,1.5226482,4,0.76132411,0.75548935,"",2,1.5168021,0.0058460832,1,1.510956,0,1,1.5226482,0.011692166,2,0.5
F_0159,163,0,0,36,36,1,0.89136797,0,0.89136797,2,0.89136797,0,"",2,0.89136797,0,1,0.89136797,0,1,0.89136797,0,0,0
F_0160,164,0,0,38,38,1,0.67949176,0,0.67949176,2,0.67949176,0,"",2,0.67949176,0,1,0.67949176,0,1,0.67949176,0,0,0
F_0161,165,0,0,36,40,5,1.420759,0.37064117,1.1286458,6,0.70034641,0.31381434,"",6,0.70034641,0.31381434,3,0.70034641,0.28654456,3,0.70034641,0.33889687,0,0
F_0162,166,0,0,36,39,4,1.6355715,0.61024576,1.5538168,5,1.4373268,0.6372261,"",5,1.4373268,0.6372261,2,1.7966586,0.55266869,3,1.1977724,0.82965791,0,0
F_0163,167,0,0,40,40,1,0.59956294,0,0.59956294,2,0.59956294,0,"",2,0.59956294,0,1,0.59956294,0,1,0.59956294,0,0,0
F_0164,168,0,0,38,39,2,1.4929292,0.02079165,1.5137209,3,1.0091473,0.6843816,"",2,1.4929292,0.02079165,1,1.4721376,0,1,1.5137209,0.0415833,1,0.33333334
F_0165,169,0,0,38,42,5,1.1495779,0.19436727,1.0748515,6,0.52342534,0.42625576,"",4,0.77696687,0.28223452,2,0.76879573,0.27430856,2,0.78513801,0.29017407,2,0.33333334
F_0166,170,0,0,40,41,2,0.79731321,0.14810339,0.94541657,3,0.63027769,0.26537666,"",3,0.63027769,0.26537666,2,0.47270828,0.17650151,1,0.94541657,0.47270828,0,0
F_0167,171,0,0,39,39,1,1.0257185,0,1.0257185,2,1.0257185,0,"",2,1.0257185,0,1,1.0257185,0,1,1.0257185,0,0,0
F_0168,172,0,0,38,39,2,0.68943596,0.060452402,0.62898356,3,0.49992558,0.27251551,"",3,0.49992558,0.27251551,1,0.74988836,0,2,0.37494418,0.45290083,0,0
F_0169,173,0,0,29,46,18,1.8095224,0.4153209,1.6434898,19,0.55677581,0.48571721,"",16,0.65470845,0.46821609,7,0.74085236,0.46722904,9,0.58770776,0.48284248,3,0.15789473
F_0170,174,0,0,41,43,3,1.2709346,0.23588379,1.5186486,4,0.95281863,0.48503411,"",4,0.95281863,0.48503411,2,0.95281863,0.38775325,2,0.95281863,0.56582999,0,0
F_0171,175,0,0,42,42,1,1.0054239,0,1.0054239,2,1.0054239,0,"",2,1.0054239,0,1,1.0054239,0,1,1.0054239,0,0,0
F_0172,176,0,0,36,48,13,1.9453238,0.68348205,0.66046721,14,0.72954112,0.4467912,"",13,0.77888834,0.42530671,5,1.0037521,0.53420585,8,0.6383484,0.44468594,1,0.071428575
F_0173,177,0,0,41,42,2,0.80737078,0.22502211,0.58234864,3,0.68826193,0.24925983,"",3,0.68826193,0.24925983,1,1.0323929,0,2,0.51619643,0.52041799,0,0
F_0174,178,0,0,10,46,37,2.0258048,0.83031887,2.1310854,38,0.53873873,0.52698809,"",29,0.69172442,0.514548,12,0.83573097,0.5751065,17,0.59007299,0.50354367,9,0.23684211
F_0175,179,0,0,43,43,1,0.66701311,0,0.66701311,2,0.66701311,0,"",2,0.66701311,0,1,0.66701311,0,1,0.66701311,0,0,0
F_0176,180,0,0,43,43,1,0.7632457,0,0.7632457,2,0.7632457,0,"",2,0.7632457,0,1,0.7632457,0,1,0.7632457,0,0,0
F_0177,181,0,0,44,44,1,1.5985658,0,1.5985658,2,1.5985658,0,"",2,1.5985658,0,1,1.5985658,0,1,1.5985658,0,0,0
F_0178,182,0,0,44,44,1,1.0161566,0,1.0161566,2,1.0161566,0,"",2,1.0161566,0,1,1.0161566,0,1,1.0161566,0,0,0
F_0179,183,0,0,37,43,7,1.8804497,0.47927243,1.5888187,8,0.68353522,0.61650437,"",5,1.0630735,0.47237158,3,0.89221191,0.50050384,2,1.319366,0.50503993,3,0.375
F_0180,184,0,0,43,44,2,1.563884,0.0098026395,1.5540813,3,1.0491244,0.72802395,"",2,1.563884,0.0098026395,1,1.5736866,0,1,1.5540813,0.019605279,1,0.33333334
F_0181,185,0,0,43,44,2,1.0261116,0.19799393,0.82811761,3,0.81607032,0.33818489,"",3,0.81607032,0.33818489,1,1.2241055,0,2,0.61205274,0.64907056,0,0
F_0182,186,0,0,19,59,41,1.6105356,0.56736231,1.1783723,41,0.36567482,0.39229047,"",24,0.58329999,0.38479632,14,0.55103379,0.42804495,10,0.62847269,0.31835657,17,0.41463414
F_0183,187,0,0,46,47,2,1.1424956,0.097284138,1.0452114,3,0.82651979,0.45386213,"",3,0.82651979,0.45386213,1,1.2397797,0,2,0.61988986,0.75177252,0,0
F_0184,188,0,0,46,46,1,1.612092,0,1.612092,2,1.612092,0,"",2,1.612092,0,1,1.612092,0,1,1.612092,0,0,0
F_0185,189,0,0,46,46,1,1.5098011,0,1.5098011,2,1.5098011,0,"",2,1.5098011,0,1,1.5098011,0,1,1.5098011,0,0,0
F_0186,190,0,0,44,44,1,1.7738276,0,1.7738276,2,1.7738276,0,"",2,1.7738276,0,1,1.7738276,0,1,1.7738276,0,0,0
F_0187,191,0,0,45,45,1,1.7098395,0,1.7098395,2,1.7098395,0,"",2,1.7098395,0,1,1.7098395,0,1,1.7098395,0,0,0
F_0188,192,0,0,45,46,2,1.568023,0.22846293,1.33956,3,1.1976572,0.55600214,"",3,1.1976572,0.55600214,1,1.7964859,0,2,0.89824295,1.0008003,0,0
F_0189,193,0,0,45,49,5,1.3444006,0.27781716,1.1415529,6,0.54908878,0.40827239,"",5,0.65452296,0.36513752,2,0.81267422,0.08651942,3,0.54908878,0.50882703,1,0.16666667
F_0190,194,0,0,46,46,1,1.6239005,0,1.6239005,2,1.6239005,0,"",2,1.6239005,0,1,1.6239005,0,1,1.6239005,0,0,0
F_0191,195,0,0,37,51,15,1.748721,0.42048463,1.5826849,16,0.59610987,0.49479339,"",12,0.77477646,0.4455519,5,0.92689514,0.33085138,7,0.66612035,0.54935879,4,0.25
F_0192,196,0,0,46,52,7,1.1871206,0.45311937,0.72313923,8,0.56239063,0.35062385,"",7,0.64016074,0.30350286,3,0.74385428,0.30398232,4,0.56239063,0.33273432,1,0.125
F_0193,197,0,0,46,46,1,1.0620303,0,1.0620303,2,1.0620303,0,"",2,1.0620303,0,1,1.0620303,0,1,1.0620303,0,0,0
F_0194,198,0,0,47,49,3,1.2000631,0.39252165,0.73531258,4,0.84766793,0.24106638,"",4,0.84766793,0.24106638,2,0.84766793,0.32187307,2,0.84766793,0.11235535,0,0
F_0195,199,0,0,46,47,2,1.6054974,0.4570725,1.1484249,3,1.3750466,0.49547148,"",3,1.3750466,0.49547148,1,2.0625699,0,2,1.0312849,1.0379164,0,0
F_0196,200,0,0,20,59,40,1.7388338,0.55912262,1.3449849,40,0.41463915,0.41293129,"",29,0.55310684,0.40620381,15,0.57380843,0.45593628,14,0.53092659,0.34633845,11,0.27500001
F_0197,201,0,0,44,49,6,1.4378797,0.27685446,1.5578526,7,0.65164721,0.51638967,"",5,0.91104352,0.37123662,3,0.76002043,0.23435172,2,1.1375782,0.5649606,2,0.2857143
F_0198,202,0,0,49,49,1,1.4137716,0,1.4137716,2,1.4137716,0,"",2,1.4137716,0,1,1.4137716,0,1,1.4137716,0,0,0
F_0199,203,0,0,49,53,5,1.2042891,0.42350563,1.3953396,6,0.96624142,0.54734761,"",6,0.96624142,0.54734761,3,0.9662416,0.58105725,3,0.96624154,0.51142079,0,0
F_0200,204,0,0,49,49,1,1.2824142,0,1.2824142,2,1.2824142,0,"",2,1.2824142,0,1,1.2824142,0,1,1.2824142,0,0,0
F_0201,205,0,0,48,48,1,1.3288226,0,1.3288226,2,1.3288226,0,"",2,1.3288226,0,1,1.3288226,0,1,1.3288226,0,0,0
F_0202,206,0,0,40,47,8,1.684772,0.35039937,1.0770249,9,0.50561118,0.5919466,"",6,0.74685413,0.59220153,3,0.75449961,0.79762453,3,0.7392087,0.2555725,3,0.33333334
F_0203,207,0,0,48,49,2,1.6032901,0.34005666,1.2632334,3,1.2955645,0.51621938,"",3,1.2955645,0.51621938,1,1.9433467,0,2,0.97167337,1.0144734,0,0
F_0204,208,0,0,48,49,2,1.2721496,0.2473622,1.0247873,3,1.0130078,0.41845056,"",3,1.0130078,0.41845056,1,1.5195117,0,2,0.75975585,0.80465555,0,0
F_0205,209,0,0,51,57,7,1.8796886,1.2254366,0.58304298,8,1.6671098,1.0961716,"",8,1.6671098,1.0961716,4,1.66711,0.97546828,4,1.66711,1.2048428,0,0
F_0206,210,0,0,50,52,3,1.2219571,0.23706095,1.0842867,4,0.80687338,0.56454998,"",3,1.0564231,0.41935128,1,1.5555223,0,2,0.80687338,0.79839426,1,0.25
F_0207,211,0,0,51,54,4,2.021595,0.64141291,1.1232777,5,1.0639765,0.87348443,"",4,1.3143184,0.80022699,1,2.6599412,0,3,0.86577755,1.8077844,1,0.2
F_0208,212,0,0,50,54,5,0.77535754,0.23342939,0.67122734,6,0.46303424,0.20948292,"",6,0.46303424,0.20948292,3,0.46303415,0.25249916,3,0.46303415,0.15495276,0,0
F_0209,213,0,0,49,49,1,0.58367497,0,0.58367497,2,0.58367497,0,"",2,0.58367497,0,1,0.58367497,0,1,0.58367497,0,0,0
F_0210,214,0,0,50,50,1,1.686808,0,1.686808,2,1.686808,0,"",2,1.686808,0,1,1.686808,0,1,1.686808,0,0,0
F_0211,215,0,0,50,51,2,1.7125823,0.039520741,1.7521031,3,1.1680688,0.77073431,"",2,1.7125823,0.039520741,1,1.6730616,0,1,1.7521031,0.079041481,1,0.33333334
F_0212,216,0,0,50,53,4,1.0612019,0.29283252,1.4019279,5,0.77737284,0.51408833,"",4,0.96647638,0.38930419,2,0.97171605,0.32992706,2,0.96123672,0.44081578,1,0.2
F_0213,217,0,0,50,52,3,1.2557938,0.15896963,1.4794405,4,0.75956053,0.5838002,"",3,0.99952048,0.47339949,2,0.75956053,0.4042502,1,1.4794405,0.71987993,1,0.25
F_0214,218,0,0,51,51,1,2.1655018,0,2.1655018,2,2.1655018,0,"",2,2.1655018,0,1,2.1655018,0,1,2.1655018,0,0,0
F_0215,219,0,0,53,56,4,1.0038773,0.42939281,0.71960628,5,0.59546077,0.27049381,"",5,0.59546077,0.27049381,3,0.49621728,0.31131059,2,0.74432594,0.24933706,0,0
F_0216,220,0,0,53,55,3,1.4652033,0.25294957,1.1099966,4,0.8397494,0.60901785,"",3,1.0952046,0.48322627,1,1.6794988,0,2,0.80305743,0.92863399,1,0.25
F_0217,221,0,0,50,53,4,1.0412467,0.22770469,1.2098839,5,0.52695429,0.42489126,"",4,0.63691723,0.40645599,2,0.61514163,0.16016564,2,0.6586929,0.5529089,1,0.2
F_0218,222,0,0,43,53,11,1.4332234,0.6464805,0.54168117,12,0.69165772,0.45264527,"",10,0.8223998,0.3784928,4,1.0374868,0.28522205,6,0.67900854,0.51149869,2,0.16666667
F_0219,223,0,0,54,54,1,0.93408275,0,0.93408275,2,0.93408275,0,"",2,0.93408275,0,1,0.93408275,0,1,0.93408275,0,0,0
F_0220,224,0,0,53,54,2,1.417547,0.35269845,1.0648485,3,1.1801635,0.44230366,"",3,1.1801635,0.44230366,1,1.7702454,0,2,0.88512272,0.90318525,0,0
F_0221,225,0,0,53,53,1,0.68493474,0,0.68493474,2,0.68493474,0,"",2,0.68493474,0,1,0.68493474,0,1,0.68493474,0,0,0
F_0222,226,0,0,50,56,7,1.9825802,0.62425029,1.5852071,8,1.0131774,0.71298307,"",7,1.15075,0.65540504,4,1.0131774,0.71516228,3,1.33418,0.60375094,1,0.125
F_0223,227,0,0,56,56,1,0.94634062,0,0.94634062,2,0.94634062,0,"",2,0.94634062,0,1,0.94634062,0,1,0.94634062,0,0,0
F_0224,228,0,0,56,56,1,0.54457021,0,0.54457021,2,0.54457021,0,"",2,0.54457021,0,1,0.54457021,0,1,0.54457021,0,0,0
F_0225,229,0,0,56,56,1,1.1360309,0,1.1360309,2,1.1360309,0,"",2,1.1360309,0,1,1.1360309,0,1,1.1360309,0,0,0
F_0226,230,0,0,54,56,3,0.73448759,0.1120998,0.61789536,4,0.44290593,0.32523558,"",3,0.56325454,0.28827494,1,0.88581187,0,2,0.40197584,0.52982879,1,0.25
F_0227,231,0,0,52,55,4,1.0380809,0.42654929,0.78363651,5,0.7572422,0.33127335,"",5,0.7572422,0.33127335,3,0.63103515,0.35410222,2,0.94655275,0.3550958,0,0
F_0228,232,0,0,55,55,1,0.56769806,0,0.56769806,2,0.56769806,0,"",2,0.56769806,0,1,0.56769806,0,1,0.56769806,0,0,0
F_0229,233,0,0,56,56,1,1.139637,0,1.139637,2,1.139637,0,"",2,1.139637,0,1,1.139637,0,1,1.139637,0,0,0
F_0230,234,0,0,55,55,1,1.6762255,0,1.6762255,2,1.6762255,0,"",2,1.6762255,0,1,1.6762255,0,1,1.6762255,0,0,0
F_0231,235,0,0,48,55,8,1.4749342,0.45956942,1.0695417,9,0.74243367,0.25393167,"",9,0.74243367,0.25393167,4,0.8352378,0.18196018,5,0.66819024,0.32416266,0,0
F_0232,236,0,0,57,59,3,1.7166418,0.52323896,1.0526985,3,1.203467,0.79993254,"",3,1.203467,0.79993254,1,2.3315499,0,2,0.63942569,1.693722,0,0
F_0233,237,0,0,55,59,5,1.0934246,0.47846881,1.093634,5,1.0014985,0.34509373,"",5,1.0014985,0.34509373,3,1.0168544,0.34762591,2,0.9784646,0.34212285,0,0
F_0234,238,0,0,42,59,18,1.9064168,0.72926062,3.3480327,18,0.35858381,0.37990955,"",12,0.50364143,0.39109546,6,0.76405954,0.39294028,6,0.24322335,0.53585863,6,0.33333334
F_0235,239,0,0,58,58,1,0.56170011,0,0.56170011,2,0.56170011,0,"",2,0.56170011,0,1,0.56170011,0,1,0.56170011,0,0,0
F_0236,240,0,0,58,58,1,0.80988526,0,0.80988526,2,0.80988526,0,"",2,0.80988526,0,1,0.80988526,0,1,0.80988526,0,0,0
F_0237,241,0,0,53,57,5,1.5787818,0.15173222,1.4910113,6,0.57890624,0.59718174,"",4,0.83525461,0.58091909,2,0.84807211,0.47708899,2,0.82243711,0.66906542,2,0.33333334
F_0238,242,0,0,55,59,5,1.3401858,0.37002239,2.0540664,5,0.47996703,0.44523543,"",4,0.59646815,0.42418233,3,0.7423169,0.39347187,1,0.15892184,0.58339506,1,0.2
F_0239,243,0,0,56,59,4,0.71365118,0.056448728,0.62402403,4,0.23365983,0.28067449,"",2,0.41361243,0.30452323,1,0.71813565,0,1,0.1090892,0.60904646,2,0.5
F_0240,244,0,0,56,56,1,0.66350377,0,0.66350377,2,0.66350377,0,"",2,0.66350377,0,1,0.66350377,0,1,0.66350377,0,0,0
F_0241,245,0,0,57,59,3,1.1283845,0.11528184,1.2914156,3,0.43138778,0.44692585,"",2,0.64639473,0.40116096,2,0.64639473,0.40116096,0,nan,nan,1,0.33333334
F_0242,246,0,0,57,57,1,0.87315083,0,0.87315083,2,0.87315083,0,"",2,0.87315083,0,1,0.87315083,0,1,0.87315083,0,0,0
F_0243,247,0,0,54,59,6,1.028173,0.027559189,1.0121248,6,0.19854867,0.36998594,"",1,1.0235401,0,1,1.0235401,0,0,nan,nan,5,0.83333331
F_0244,248,0,0,55,59,5,0.90860063,0.16001402,0.8311249,5,0.42942125,0.30735502,"",5,0.42942125,0.30735502,3,0.49637184,0.38199681,2,0.32899532,0.16879384,0,0
F_0245,249,0,0,55,59,5,1.0180944,0.20996435,1.3325839,5,0.43495426,0.40018055,"",4,0.54368246,0.37559485,2,0.8768388,0.22808123,2,0.21052611,0.67238992,1,0.2
F_0246,250,0,0,57,59,3,0.9776544,0.30424106,0.78634357,3,0.70712453,0.55603623,"",2,1.0372912,0.36977616,1,1.4070673,0,1,0.66751498,0.73955232,1,0.33333334
F_0247,251,0,0,14,15,2,1.6609437,0.5371418,1.1238019,3,1.4653903,0.51848799,"",3,1.4653903,0.51848799,1,2.1980855,0,2,1.0990428,1.0993216,0,0
F_0248,252,0,0,59,59,1,1.6558613,0,1.6558613,1,1.6558613,0,"",1,1.6558613,0,1,1.6558613,0,0,nan,nan,0,0
F_0249,253,0,0,58,59,2,1.0394528,0.17041689,1.2098697,2,0.60493487,0.26410109,"",2,0.60493487,0.26410109,2,0.60493487,0.26410109,0,nan,nan,0,0
F_0250,254,0,0,59,59,1,0.65054572,0,0.65054572,1,0.65054572,0,"",1,0.65054572,0,1,0.65054572,0,0,nan,nan,0,0
F_0251,255,0,0,59,59,1,0.7644155,0,0.7644155,1,0.7644155,0,"",1,0.7644155,0,1,0.7644155,0,0,nan,nan,0,0
F_0252,256,0,0,59,59,1,1.0301456,0,1.0301456,1,1.0301456,0,"",1,1.0301456,0,1,1.0301456,0,0,nan,nan,0,0
F_0253,257,0,0,59,59,1,0.45453438,0,0.45453438,1,0.45453438,0,"",1,0.45453438,0,1,0.45453438,0,0,nan,nan,0,0
F_0254,258,0,0,59,59,1,0.55984294,0,0.55984294,1,0.55984294,0,"",1,0.55984294,0,1,0.55984294,0,0,nan,nan,0,0
F_0255,259,0,0,39,49,11,1.4662479,0.65601242,2.5440874,12,0.63337398,0.63057989,"",11,0.68249851,0.63625515,7,0.52960569,0.26550338,4,0.9500609,1.0267328,1,0.083333336
F_0256,260,0,0,40,43,4,1.0185871,0.33597863,1.3673598,5,0.54694384,0.43370411,"",5,0.54694384,0.43370411,4,0.34183991,0.15743534,1,1.3673598,1.0255198,0,0
F_0257,261,0,0,26,32,7,1.1252214,0.34138888,0.9016403,8,0.60229802,0.41662893,"",7,0.68050152,0.38658828,3,0.78477269,0.5032624,4,0.60229802,0.3010157,1,0.125
F_0258,262,0,0,39,59,21,0.91404045,0.37200198,0.704696,21,0.30296057,0.30059296,"",11,0.54175383,0.22825901,6,0.5519684,0.28586712,5,0.52949655,0.12957743,10,0.47619048
F_0259,263,0,0,57,57,1,1.129549,0,1.129549,2,1.129549,0,"",2,1.129549,0,1,1.129549,0,1,1.129549,0,0,0
F_0260,264,0,0,0,1,2,0.72235918,0.031961769,0.69039744,2,0.37716049,0.31323695,"",1,0.69039744,0,0,nan,nan,1,0.69039744,nan,1,0.5
F_0261,265,0,0,1,1,1,1.3975186,0,1.3975186,2,1.3975186,0,"",2,1.3975186,0,1,1.3975186,0,1,1.3975186,0,0,0
F_0262,266,0,0,0,1,2,1.2983201,0.24813467,1.0501854,2,0.77322739,0.27695805,"",2,0.77322739,0.27695805,0,nan,nan,2,0.77322739,nan,0,0
F_0263,267,0,0,0,1,2,1.3545728,0.3188203,1.673393,2,1.1555169,0.51787621,"",2,1.1555169,0.51787621,1,0.6376406,0,1,1.673393,1.0357524,0,0
F_0264,268,0,0,0,31,32,2.2909093,0.86474031,1.510554,32,0.77979708,0.5990212,"",30,0.82956392,0.58576429,14,0.8177318,0.52255893,16,0.83991718,0.63614303,2,0.0625
F_0265,269,0,0,0,0,1,0.83186662,0,0.83186662,1,0.83186662,0,"",1,0.83186662,0,0,nan,nan,1,0.83186662,nan,0,0
F_0266,270,0,0,23,25,3,0.7189002,0.2131988,0.70578015,4,0.6137569,0.27136388,"",4,0.6137569,0.27136388,2,0.6137569,0.37257007,2,0.6137569,0.092023283,0,0
F_0267,271,0,0,12,13,2,1.0123858,0.0073044896,1.0050814,3,0.6797936,0.47039437,"",2,1.0123858,0.0073044896,1,1.0196904,0,1,1.0050814,0.014608979,1,0.33333334
